SKU,Product Name,Price,List Price,Weight,Calculated Price (1.7x)
HY580,"N/A",N/A,N/A,N/A,N/A
CL3737727,"CYLINDER - MASTER W/PUSH ROD",$53.95,$75.68,1.68,$91.72
DWA245002,"CYLINDER - MASTER",$204.65,$186.68,2.5,$347.90
WGF73473,"CYLINDER - WHEEL",$13.78,$22.76,0.87,$23.43
TC25595-40302A,"CYLINDER - MASTER",$36.72,$143.43,1.96,$62.42
CL920210,"CYLINDER - WHEEL",$18.23,$66.78,1.45,$30.99
TCC-52-11246-52001,"CYLINDER - WHEEL",$71.56,$118.88,1.83,$121.65
CT9194600600,"CYLINDER - WHEEL",$25.50,$146.33,2.4,$43.35
CSA148562,"BRAKE CYLINDER",$251.38,$233.10,1.27,$427.35
WGF1554,"CYLINDER - WHEEL",$31.67,$50.27,2.25,$53.84
TY47410-22000-71,"CYLINDER - WHEEL RH HYD FLUID ONLY",$17.09,$159.41,1.63,$29.05
TY47410-U2170-71,"CYLINDER - WHEEL",$17.85,$73.43,1.49,$30.35
3042910,"CYLINDER - BRAKE MASTER",$57.12,$225.58,2.54,$97.10
NI44100-L0702,"CYLINDER - WHEEL",$35.70,$547.92,4.33,$60.69
MB91E46-00112,"CYLINDER - WHEEL",$12.75,$73.87,1.26,$21.68
HN81FG-40400G,"CYLINDER - MASTER",$66.46,$108.54,2.12,$112.98
WGF24955,"CYLINDER - WHEEL",$25.22,$42.08,1.32,$42.87
YT900094827,"CYLINDER - WHEEL",$10.10,$19.92,1.05,$17.17
KO3EB-30-11310,"CYLINDER - WHEEL",$25.80,$225.22,1.79,$43.86
HY327103,"CYLINDER - WHEEL",$33.43,$48.81,3.68,$56.83
KO34A-30-11400,"CYLINDER - WHEEL",$75.31,$148.85,1.14,$128.03
HY321917,"CYLINDER - WHEEL",$29.67,$41.96,2.97,$50.44
TY04477-10010-71,"O/H KIT, WHEEL CYLIN",$208.65,$199.53,0.16,$354.70
GN102131GT,"DISCONNECT KIT",$214.31,$180.34,0.11,$364.33
YT580071321,"CYLINDER - WHEEL",$140.75,$210.87,1.95,$239.28
NI44101-L0702,"CYLINDER - WHEEL",$35.70,$516.00,4.38,$60.69
YT908630400,"CYLINDER - WHEEL",$17.09,$101.14,1.85,$29.05
YT900488803,"CYLINDER - WHEEL",$27.56,$91.39,1.44,$46.85
CL3788000,"CYLINDER - WHEEL",$18.87,$50.94,1.47,$32.08
TY47410-20540-71,"CYLINDER - WHEEL BRAKE FLUID ONLY",$17.09,$136.79,1.72,$29.05
WGF24954,"CYLINDER - WHEEL",$25.80,$40.95,1.28,$43.86
HY1308670,"CYLINDER - WHEEL",$20.07,$28.12,1.05,$34.12
TY47420-22000-71,"CYLINDER - WHEEL LH HYD FLUID ONLY",$27.56,$151.59,1.6,$46.85
MB91846-19700,"CYLINDER - MASTER",$74.12,$115.29,1.38,$126.00
CL918460,"CYLINDER - WHEEL FITS Y1065",$56.00,$143.41,1.63,$95.20
YT900094804,"CYLINDER - WHEEL",$10.10,$21.74,1.06,$17.17
KO3EC-30-33110,"N/A",N/A,N/A,N/A,N/A
YT902194803,"N/A",N/A,N/A,N/A,N/A
CL910980,"N/A",N/A,N/A,N/A,N/A